{
  "selected_depot_idx": 1,
  "selected_depot_loc": [
    24.639878836228103,
    21.973169683940732
  ],
  "all_potential_depots": [
    [
      17.49080237694725,
      29.01428612819832
    ],
    [
      24.639878836228103,
      21.973169683940732
    ],
    [
      13.12037280884873,
      13.119890406724053
    ],
    [
      11.16167224336399,
      27.323522915498703
    ]
  ],
  "truck_dist": 33.014297130535034,
  "assignments": {
    "0": [
      14,
      5,
      15,
      2,
      11,
      6,
      10
    ],
    "1": [
      16,
      12,
      1,
      17
    ],
    "2": [
      13
    ],
    "3": [
      9,
      18,
      8,
      0,
      4,
      19,
      7,
      3
    ]
  },
  "veh_dists": {
    "0": 118.36125804984295,
    "1": 117.12092955509348,
    "2": 144.56164009840126,
    "3": 123.65294760025272
  },
  "max_dist": 144.56164009840126,
  "total_sec_cost": 503.6967753035904,
  "open_loop": false
}