{
  "selected_depot_idx": 1,
  "selected_depot_loc": [
    45.21211214797689,
    56.23782158161189
  ],
  "all_potential_depots": [
    [
      39.09124836035503,
      39.17022549267169
    ],
    [
      45.21211214797689,
      56.23782158161189
    ],
    [
      60.37724259507192,
      38.526206184364575
    ],
    [
      31.71942605576092,
      75.4660201039391
    ]
  ],
  "truck_dist": 72.15835129163119,
  "assignments": {
    "0": [
      9,
      16,
      17,
      1,
      12
    ],
    "1": [
      13
    ],
    "2": [
      19,
      11,
      6,
      2,
      15
    ],
    "3": [
      5,
      10,
      14,
      3,
      7
    ],
    "4": [],
    "5": [
      4,
      0,
      8,
      18
    ]
  },
  "veh_dists": {
    "0": 60.3304778330738,
    "1": 71.96447901377472,
    "2": 69.57288867952666,
    "3": 68.67166227990143,
    "4": 0.0,
    "5": 44.52784538554885
  },
  "max_dist": 71.9644781763988,
  "total_sec_cost": 315.0673531918254,
  "open_loop": false
}