{
  "selected_depot_idx": 1,
  "selected_depot_loc": [
    45.21211214797689,
    56.23782158161189
  ],
  "all_potential_depots": [
    [
      39.09124836035503,
      39.17022549267169
    ],
    [
      45.21211214797689,
      56.23782158161189
    ],
    [
      60.37724259507192,
      38.526206184364575
    ],
    [
      31.71942605576092,
      75.4660201039391
    ]
  ],
  "truck_dist": 72.15835129163119,
  "assignments": {
    "0": [
      9,
      18,
      17,
      1,
      12,
      8
    ],
    "1": [
      0,
      13
    ],
    "2": [
      4,
      16,
      3,
      14,
      10
    ],
    "3": [
      19,
      15,
      2,
      6,
      11,
      5,
      7
    ]
  },
  "veh_dists": {
    "0": 71.74845199134525,
    "1": 72.33129643193558,
    "2": 75.1265611960546,
    "3": 72.79412338097247
  },
  "max_dist": 75.12655383515195,
  "total_sec_cost": 292.00043300030785,
  "open_loop": false,
  "solver_stats": {
    "status": 11,
    "mip_gap": 0.0375801049255315,
    "runtime": 26725.356678962708
  }
}