{
  "selected_depot_idx": 0,
  "selected_depot_loc": [
    49.695758353598634,
    54.48536843329326
  ],
  "all_potential_depots": [
    [
      49.695758353598634,
      54.48536843329326
    ]
  ],
  "truck_dist": 73.74499150214189,
  "assignments": {
    "0": [
      8,
      0,
      13
    ],
    "1": [
      19,
      4,
      9,
      7,
      5,
      14,
      3
    ],
    "2": [
      15,
      2,
      11,
      6,
      10
    ],
    "3": [
      16,
      18,
      17,
      12,
      1
    ]
  },
  "veh_dists": {
    "0": 42.21356647879781,
    "1": 45.80516873934677,
    "2": 46.071511178006524,
    "3": 46.04205467529199
  },
  "max_dist": 46.071511178006524,
  "total_sec_cost": 180.13230107144307,
  "open_loop": true,
  "solver_stats": {
    "status": 2,
    "mip_gap": 0.0,
    "runtime": 37.71461200714111
  }
}