{
  "open_depots": [
    0
  ],
  "open_depot_locs": [
    [
      39.09124836035503,
      39.17022549267169
    ]
  ],
  "truck_edges": [
    [
      0,
      4
    ],
    [
      4,
      0
    ]
  ],
  "truck_dist": 110.67849409018369,
  "sec_assignments": {
    "0": {
      "0": [
        8,
        0,
        13,
        15,
        2
      ],
      "1": [
        18,
        12,
        1,
        17,
        16
      ],
      "2": [
        9,
        4,
        19,
        7
      ],
      "3": [
        5,
        11,
        6,
        10,
        14
      ],
      "4": [
        3
      ]
    }
  },
  "max_dist": 0.0,
  "total_sec_cost": 92.11465195007628,
  "solver_stats": {
    "status": 11,
    "mip_gap": 0.17061792207883142,
    "runtime": 26682.049381017685
  }
}