{
  "selected_depot_idx": 1,
  "selected_depot_loc": [
    45.21211214797689,
    56.23782158161189
  ],
  "all_potential_depots": [
    [
      39.09124836035503,
      39.17022549267169
    ],
    [
      45.21211214797689,
      56.23782158161189
    ],
    [
      60.37724259507192,
      38.526206184364575
    ],
    [
      31.71942605576092,
      75.4660201039391
    ]
  ],
  "truck_dist": 72.15835129163119,
  "assignments": {
    "0": [
      7,
      5,
      11,
      6,
      10
    ],
    "1": [
      9,
      16,
      3,
      14
    ],
    "2": [
      4,
      13
    ],
    "3": [
      19,
      15,
      2
    ],
    "4": [
      18,
      17,
      12,
      1
    ],
    "5": [
      8,
      0
    ]
  },
  "veh_dists": {
    "0": 32.851558965377066,
    "1": 32.6123469681642,
    "2": 35.98223950688736,
    "3": 33.07985697852817,
    "4": 28.893706945470356,
    "5": 23.28557541244249
  },
  "max_dist": 35.98223950688736,
  "total_sec_cost": 186.70528477686963,
  "open_loop": true
}