{
  "selected_depot_idx": 1,
  "selected_depot_loc": [
    45.21211214797689,
    56.23782158161189
  ],
  "all_potential_depots": [
    [
      39.09124836035503,
      39.17022549267169
    ],
    [
      45.21211214797689,
      56.23782158161189
    ],
    [
      60.37724259507192,
      38.526206184364575
    ],
    [
      31.71942605576092,
      75.4660201039391
    ]
  ],
  "truck_dist": 72.15835129163119,
  "assignments": {
    "0": [
      4,
      9,
      16,
      17,
      12,
      1
    ],
    "1": [
      19,
      7,
      5,
      15,
      2
    ],
    "2": [
      18,
      8,
      0,
      13
    ],
    "3": [
      3,
      14,
      10,
      6,
      11
    ]
  },
  "veh_dists": {
    "0": 35.379848633113525,
    "1": 44.360998736587305,
    "2": 45.98589339861038,
    "3": 46.55497782287337
  },
  "max_dist": 46.55497782287337,
  "total_sec_cost": 172.28171859118459,
  "open_loop": true
}