{
  "selected_depot_idx": 0,
  "selected_depot_loc": [
    49.695758353598634,
    54.48536843329326
  ],
  "all_potential_depots": [
    [
      49.695758353598634,
      54.48536843329326
    ]
  ],
  "truck_dist": 73.74499150214189,
  "assignments": {
    "0": [
      5,
      14,
      3,
      7,
      16,
      9,
      4,
      19
    ],
    "1": [
      0,
      13
    ],
    "2": [
      18,
      17,
      1,
      12,
      8
    ],
    "3": [
      11,
      6,
      10,
      2,
      15
    ]
  },
  "veh_dists": {
    "0": 64.60186716499838,
    "1": 66.68175994475567,
    "2": 69.5052724121755,
    "3": 68.42652682306463
  },
  "max_dist": 69.50523825624177,
  "total_sec_cost": 269.21542634499417,
  "open_loop": false,
  "solver_stats": {
    "status": 11,
    "mip_gap": 0.04076438043211041,
    "runtime": 26721.08998990059
  }
}