{
  "selected_depot_idx": 0,
  "selected_depot_loc": [
    49.695758353598634,
    54.48536843329326
  ],
  "all_potential_depots": [
    [
      49.695758353598634,
      54.48536843329326
    ]
  ],
  "truck_dist": 73.74499150214189,
  "assignments": {
    "0": [
      17,
      1,
      12,
      18
    ],
    "1": [
      10,
      14,
      3,
      7
    ],
    "2": [
      15,
      2,
      6,
      11,
      5
    ],
    "3": [
      13
    ],
    "4": [],
    "5": [
      0,
      8,
      16,
      9,
      4,
      19
    ]
  },
  "veh_dists": {
    "0": 61.450750460522805,
    "1": 65.06541998675166,
    "2": 62.2552792404742,
    "3": 65.45406617422944,
    "4": 0.0,
    "5": 59.45644410030907
  },
  "max_dist": 65.45406568639224,
  "total_sec_cost": 313.6819599622872,
  "open_loop": false,
  "solver_stats": {
    "status": 11,
    "mip_gap": 0.00016751819993037737,
    "runtime": 26802.054180145264
  }
}