{
  "open_depots": [
    0
  ],
  "open_depot_locs": [
    [
      39.09124836035503,
      39.17022549267169
    ]
  ],
  "truck_edges": [
    [
      0,
      4
    ],
    [
      4,
      0
    ]
  ],
  "truck_dist": 110.67849409018369,
  "sec_assignments": {
    "0": {
      "0": [
        3,
        7,
        16,
        9,
        4,
        19,
        18,
        17,
        1,
        12,
        8,
        0,
        13,
        15,
        2,
        10,
        6,
        11,
        5,
        14
      ]
    }
  },
  "max_dist": 0.0,
  "total_sec_cost": 196.5943500808736
}