{
  "selected_depot_idx": 0,
  "selected_depot_loc": [
    49.695758353598634,
    54.48536843329326
  ],
  "all_potential_depots": [
    [
      49.695758353598634,
      54.48536843329326
    ]
  ],
  "truck_dist": 73.74499150214189,
  "assignments": {
    "0": [
      8,
      12,
      1,
      17,
      18
    ],
    "1": [
      0,
      13
    ],
    "2": [
      15,
      2,
      10,
      6,
      11
    ],
    "3": [
      19,
      4,
      9,
      16,
      7,
      3,
      14,
      5
    ]
  },
  "veh_dists": {
    "0": 69.50527241217549,
    "1": 66.68175994475567,
    "2": 68.42652682306465,
    "3": 64.60186716499838
  },
  "max_dist": 69.50527241217549,
  "total_sec_cost": 269.21542634499417,
  "open_loop": false,
  "solver_stats": {
    "status": 2,
    "mip_gap": 0.0,
    "runtime": 1628.350063085556
  }
}