{
  "selected_depot_idx": 0,
  "selected_depot_loc": [
    49.695758353598634,
    54.48536843329326
  ],
  "all_potential_depots": [
    [
      49.695758353598634,
      54.48536843329326
    ]
  ],
  "truck_dist": 73.74499150214189,
  "assignments": {
    "0": [
      9,
      16,
      7,
      3
    ],
    "1": [
      0,
      13
    ],
    "2": [
      15,
      8
    ],
    "3": [
      14,
      10
    ],
    "4": [
      19,
      4,
      18,
      17,
      12,
      1
    ],
    "5": [
      5,
      11,
      6,
      2
    ]
  },
  "veh_dists": {
    "0": 35.13723945320219,
    "1": 33.95472685764095,
    "2": 35.407931686935406,
    "3": 34.72004839787083,
    "4": 33.71620388434302,
    "5": 33.94037866289233
  },
  "max_dist": 35.407931686935406,
  "total_sec_cost": 206.8765289428847,
  "open_loop": true
}