{
  "open_depots": [
    0
  ],
  "open_depot_locs": [
    [
      39.09124836035503,
      39.17022549267169
    ]
  ],
  "truck_edges": [
    [
      0,
      4
    ],
    [
      4,
      0
    ]
  ],
  "truck_dist": 110.67849409018369,
  "sec_assignments": {
    "0": {
      "0": [
        3
      ],
      "2": [
        5,
        8,
        0,
        13,
        15,
        2,
        11,
        6,
        10,
        14
      ],
      "3": [
        16,
        9,
        17,
        1,
        12,
        18,
        4,
        19,
        7
      ]
    }
  },
  "max_dist": 0.0,
  "total_sec_cost": 116.17238430677963,
  "solver_stats": {
    "status": 11,
    "mip_gap": 0.07929903414591134,
    "runtime": 26684.817608118057
  }
}